[
{
    "model": "admin.logentry",
    "pk": 1,
    "fields": {
        "action_time": "2024-03-01T15:58:07.653Z",
        "user": 1,
        "content_type": 5,
        "object_id": "1",
        "object_repr": "Huerto object (1)",
        "action_flag": 1,
        "change_message": "[{\"added\": {}}]"
    }
},
{
    "model": "admin.logentry",
    "pk": 2,
    "fields": {
        "action_time": "2024-03-01T15:58:26.452Z",
        "user": 1,
        "content_type": 5,
        "object_id": "2",
        "object_repr": "Huerto object (2)",
        "action_flag": 1,
        "change_message": "[{\"added\": {}}]"
    }
},
{
    "model": "admin.logentry",
    "pk": 3,
    "fields": {
        "action_time": "2024-03-01T15:58:41.483Z",
        "user": 1,
        "content_type": 5,
        "object_id": "3",
        "object_repr": "Huerto object (3)",
        "action_flag": 1,
        "change_message": "[{\"added\": {}}]"
    }
},
{
    "model": "admin.logentry",
    "pk": 4,
    "fields": {
        "action_time": "2024-03-01T15:59:27.877Z",
        "user": 1,
        "content_type": 7,
        "object_id": "1",
        "object_repr": "Planta object (1)",
        "action_flag": 1,
        "change_message": "[{\"added\": {}}]"
    }
},
{
    "model": "admin.logentry",
    "pk": 5,
    "fields": {
        "action_time": "2024-03-01T16:00:09.317Z",
        "user": 1,
        "content_type": 7,
        "object_id": "2",
        "object_repr": "Planta object (2)",
        "action_flag": 1,
        "change_message": "[{\"added\": {}}]"
    }
},
{
    "model": "admin.logentry",
    "pk": 6,
    "fields": {
        "action_time": "2024-03-01T16:00:34.035Z",
        "user": 1,
        "content_type": 7,
        "object_id": "3",
        "object_repr": "Planta object (3)",
        "action_flag": 1,
        "change_message": "[{\"added\": {}}]"
    }
},
{
    "model": "admin.logentry",
    "pk": 7,
    "fields": {
        "action_time": "2024-03-01T17:22:26.853Z",
        "user": 1,
        "content_type": 6,
        "object_id": "1",
        "object_repr": "Plaga object (1)",
        "action_flag": 1,
        "change_message": "[{\"added\": {}}]"
    }
},
{
    "model": "admin.logentry",
    "pk": 8,
    "fields": {
        "action_time": "2024-03-01T17:22:38.902Z",
        "user": 1,
        "content_type": 6,
        "object_id": "2",
        "object_repr": "Plaga object (2)",
        "action_flag": 1,
        "change_message": "[{\"added\": {}}]"
    }
},
{
    "model": "admin.logentry",
    "pk": 9,
    "fields": {
        "action_time": "2024-03-01T17:22:46.405Z",
        "user": 1,
        "content_type": 6,
        "object_id": "3",
        "object_repr": "Plaga object (3)",
        "action_flag": 1,
        "change_message": "[{\"added\": {}}]"
    }
},
{
    "model": "admin.logentry",
    "pk": 10,
    "fields": {
        "action_time": "2024-03-01T17:22:51.816Z",
        "user": 1,
        "content_type": 6,
        "object_id": "4",
        "object_repr": "Plaga object (4)",
        "action_flag": 1,
        "change_message": "[{\"added\": {}}]"
    }
},
{
    "model": "admin.logentry",
    "pk": 11,
    "fields": {
        "action_time": "2024-03-01T17:22:57.148Z",
        "user": 1,
        "content_type": 6,
        "object_id": "5",
        "object_repr": "Plaga object (5)",
        "action_flag": 1,
        "change_message": "[{\"added\": {}}]"
    }
},
{
    "model": "admin.logentry",
    "pk": 12,
    "fields": {
        "action_time": "2024-03-01T17:39:43.559Z",
        "user": 1,
        "content_type": 17,
        "object_id": "1",
        "object_repr": "PlagaPlanta object (1)",
        "action_flag": 1,
        "change_message": "[{\"added\": {}}]"
    }
},
{
    "model": "admin.logentry",
    "pk": 13,
    "fields": {
        "action_time": "2024-03-01T17:39:48.161Z",
        "user": 1,
        "content_type": 17,
        "object_id": "2",
        "object_repr": "PlagaPlanta object (2)",
        "action_flag": 1,
        "change_message": "[{\"added\": {}}]"
    }
},
{
    "model": "admin.logentry",
    "pk": 14,
    "fields": {
        "action_time": "2024-03-01T17:39:55.018Z",
        "user": 1,
        "content_type": 17,
        "object_id": "3",
        "object_repr": "PlagaPlanta object (3)",
        "action_flag": 1,
        "change_message": "[{\"added\": {}}]"
    }
},
{
    "model": "admin.logentry",
    "pk": 15,
    "fields": {
        "action_time": "2024-03-01T17:40:06.722Z",
        "user": 1,
        "content_type": 17,
        "object_id": "4",
        "object_repr": "PlagaPlanta object (4)",
        "action_flag": 1,
        "change_message": "[{\"added\": {}}]"
    }
},
{
    "model": "admin.logentry",
    "pk": 16,
    "fields": {
        "action_time": "2024-03-09T17:05:05.443Z",
        "user": 1,
        "content_type": 15,
        "object_id": "1",
        "object_repr": "Riego object (1)",
        "action_flag": 1,
        "change_message": "[{\"added\": {}}]"
    }
},
{
    "model": "admin.logentry",
    "pk": 17,
    "fields": {
        "action_time": "2024-03-09T17:05:11.074Z",
        "user": 1,
        "content_type": 15,
        "object_id": "2",
        "object_repr": "Riego object (2)",
        "action_flag": 1,
        "change_message": "[{\"added\": {}}]"
    }
},
{
    "model": "admin.logentry",
    "pk": 18,
    "fields": {
        "action_time": "2024-03-09T17:05:15.139Z",
        "user": 1,
        "content_type": 15,
        "object_id": "3",
        "object_repr": "Riego object (3)",
        "action_flag": 1,
        "change_message": "[{\"added\": {}}]"
    }
},
{
    "model": "admin.logentry",
    "pk": 19,
    "fields": {
        "action_time": "2024-03-09T17:05:54.599Z",
        "user": 1,
        "content_type": 8,
        "object_id": "1",
        "object_repr": "Planta_regada object (1)",
        "action_flag": 1,
        "change_message": "[{\"added\": {}}]"
    }
},
{
    "model": "admin.logentry",
    "pk": 20,
    "fields": {
        "action_time": "2024-03-09T17:06:04.704Z",
        "user": 1,
        "content_type": 8,
        "object_id": "2",
        "object_repr": "Planta_regada object (2)",
        "action_flag": 1,
        "change_message": "[{\"added\": {}}]"
    }
},
{
    "model": "admin.logentry",
    "pk": 21,
    "fields": {
        "action_time": "2024-03-09T17:06:08.710Z",
        "user": 1,
        "content_type": 8,
        "object_id": "3",
        "object_repr": "Planta_regada object (3)",
        "action_flag": 1,
        "change_message": "[{\"added\": {}}]"
    }
},
{
    "model": "admin.logentry",
    "pk": 22,
    "fields": {
        "action_time": "2024-03-09T17:06:15.254Z",
        "user": 1,
        "content_type": 8,
        "object_id": "4",
        "object_repr": "Planta_regada object (4)",
        "action_flag": 1,
        "change_message": "[{\"added\": {}}]"
    }
},
{
    "model": "admin.logentry",
    "pk": 23,
    "fields": {
        "action_time": "2024-03-10T17:31:18.106Z",
        "user": 1,
        "content_type": 5,
        "object_id": "5",
        "object_repr": "Huerto object (5)",
        "action_flag": 1,
        "change_message": "[{\"added\": {}}]"
    }
},
{
    "model": "admin.logentry",
    "pk": 24,
    "fields": {
        "action_time": "2024-03-10T17:37:34.669Z",
        "user": 1,
        "content_type": 7,
        "object_id": "1",
        "object_repr": "Planta object (1)",
        "action_flag": 2,
        "change_message": "[{\"changed\": {\"fields\": [\"Phmax\", \"Phmin\", \"Epoca siembra\", \"Temp max\", \"Temp min\", \"Horas luz\", \"Demanda hidrica\"]}}]"
    }
},
{
    "model": "admin.logentry",
    "pk": 25,
    "fields": {
        "action_time": "2024-03-10T17:38:53.009Z",
        "user": 1,
        "content_type": 7,
        "object_id": "2",
        "object_repr": "Planta object (2)",
        "action_flag": 2,
        "change_message": "[{\"changed\": {\"fields\": [\"Epoca siembra\", \"Tiempo trasplante\", \"Temp max\", \"Temp min\", \"Horas luz\", \"Demanda hidrica\"]}}]"
    }
},
{
    "model": "admin.logentry",
    "pk": 26,
    "fields": {
        "action_time": "2024-03-10T17:40:10.928Z",
        "user": 1,
        "content_type": 7,
        "object_id": "3",
        "object_repr": "Planta object (3)",
        "action_flag": 2,
        "change_message": "[{\"changed\": {\"fields\": [\"Temp max\", \"Temp min\", \"Horas luz\"]}}]"
    }
},
{
    "model": "admin.logentry",
    "pk": 27,
    "fields": {
        "action_time": "2024-03-10T17:43:41.227Z",
        "user": 1,
        "content_type": 7,
        "object_id": "4",
        "object_repr": "Planta object (4)",
        "action_flag": 1,
        "change_message": "[{\"added\": {}}]"
    }
},
{
    "model": "admin.logentry",
    "pk": 28,
    "fields": {
        "action_time": "2024-03-10T17:45:31.642Z",
        "user": 1,
        "content_type": 7,
        "object_id": "5",
        "object_repr": "Planta object (5)",
        "action_flag": 1,
        "change_message": "[{\"added\": {}}]"
    }
},
{
    "model": "admin.logentry",
    "pk": 29,
    "fields": {
        "action_time": "2024-03-10T17:46:46.121Z",
        "user": 1,
        "content_type": 7,
        "object_id": "6",
        "object_repr": "Planta object (6)",
        "action_flag": 1,
        "change_message": "[{\"added\": {}}]"
    }
},
{
    "model": "admin.logentry",
    "pk": 30,
    "fields": {
        "action_time": "2024-03-10T17:48:07.607Z",
        "user": 1,
        "content_type": 7,
        "object_id": "7",
        "object_repr": "Planta object (7)",
        "action_flag": 1,
        "change_message": "[{\"added\": {}}]"
    }
},
{
    "model": "admin.logentry",
    "pk": 31,
    "fields": {
        "action_time": "2024-03-10T17:49:15.648Z",
        "user": 1,
        "content_type": 7,
        "object_id": "8",
        "object_repr": "Planta object (8)",
        "action_flag": 1,
        "change_message": "[{\"added\": {}}]"
    }
},
{
    "model": "admin.logentry",
    "pk": 32,
    "fields": {
        "action_time": "2024-03-10T17:50:37.369Z",
        "user": 1,
        "content_type": 8,
        "object_id": "5",
        "object_repr": "Planta_regada object (5)",
        "action_flag": 1,
        "change_message": "[{\"added\": {}}]"
    }
},
{
    "model": "admin.logentry",
    "pk": 33,
    "fields": {
        "action_time": "2024-03-10T17:50:48.519Z",
        "user": 1,
        "content_type": 8,
        "object_id": "6",
        "object_repr": "Planta_regada object (6)",
        "action_flag": 1,
        "change_message": "[{\"added\": {}}]"
    }
},
{
    "model": "admin.logentry",
    "pk": 34,
    "fields": {
        "action_time": "2024-03-10T17:50:54.414Z",
        "user": 1,
        "content_type": 8,
        "object_id": "7",
        "object_repr": "Planta_regada object (7)",
        "action_flag": 1,
        "change_message": "[{\"added\": {}}]"
    }
},
{
    "model": "admin.logentry",
    "pk": 35,
    "fields": {
        "action_time": "2024-03-10T17:51:02.357Z",
        "user": 1,
        "content_type": 8,
        "object_id": "8",
        "object_repr": "Planta_regada object (8)",
        "action_flag": 1,
        "change_message": "[{\"added\": {}}]"
    }
},
{
    "model": "admin.logentry",
    "pk": 36,
    "fields": {
        "action_time": "2024-03-10T17:51:12.984Z",
        "user": 1,
        "content_type": 8,
        "object_id": "9",
        "object_repr": "Planta_regada object (9)",
        "action_flag": 1,
        "change_message": "[{\"added\": {}}]"
    }
},
{
    "model": "admin.logentry",
    "pk": 37,
    "fields": {
        "action_time": "2024-03-10T17:51:24.996Z",
        "user": 1,
        "content_type": 8,
        "object_id": "10",
        "object_repr": "Planta_regada object (10)",
        "action_flag": 1,
        "change_message": "[{\"added\": {}}]"
    }
},
{
    "model": "admin.logentry",
    "pk": 38,
    "fields": {
        "action_time": "2024-03-10T17:52:52.667Z",
        "user": 1,
        "content_type": 17,
        "object_id": "5",
        "object_repr": "PlagaPlanta object (5)",
        "action_flag": 1,
        "change_message": "[{\"added\": {}}]"
    }
},
{
    "model": "admin.logentry",
    "pk": 39,
    "fields": {
        "action_time": "2024-03-10T17:52:59.326Z",
        "user": 1,
        "content_type": 17,
        "object_id": "6",
        "object_repr": "PlagaPlanta object (6)",
        "action_flag": 1,
        "change_message": "[{\"added\": {}}]"
    }
},
{
    "model": "admin.logentry",
    "pk": 40,
    "fields": {
        "action_time": "2024-03-10T17:53:04.924Z",
        "user": 1,
        "content_type": 17,
        "object_id": "7",
        "object_repr": "PlagaPlanta object (7)",
        "action_flag": 1,
        "change_message": "[{\"added\": {}}]"
    }
},
{
    "model": "admin.logentry",
    "pk": 41,
    "fields": {
        "action_time": "2024-03-10T17:53:09.476Z",
        "user": 1,
        "content_type": 17,
        "object_id": "8",
        "object_repr": "PlagaPlanta object (8)",
        "action_flag": 1,
        "change_message": "[{\"added\": {}}]"
    }
},
{
    "model": "admin.logentry",
    "pk": 42,
    "fields": {
        "action_time": "2024-03-10T17:53:14.074Z",
        "user": 1,
        "content_type": 17,
        "object_id": "9",
        "object_repr": "PlagaPlanta object (9)",
        "action_flag": 1,
        "change_message": "[{\"added\": {}}]"
    }
},
{
    "model": "admin.logentry",
    "pk": 43,
    "fields": {
        "action_time": "2024-03-10T17:53:17.814Z",
        "user": 1,
        "content_type": 17,
        "object_id": "10",
        "object_repr": "PlagaPlanta object (10)",
        "action_flag": 1,
        "change_message": "[{\"added\": {}}]"
    }
},
{
    "model": "admin.logentry",
    "pk": 44,
    "fields": {
        "action_time": "2024-03-10T17:53:22.002Z",
        "user": 1,
        "content_type": 17,
        "object_id": "11",
        "object_repr": "PlagaPlanta object (11)",
        "action_flag": 1,
        "change_message": "[{\"added\": {}}]"
    }
},
{
    "model": "admin.logentry",
    "pk": 45,
    "fields": {
        "action_time": "2024-03-10T17:53:28.735Z",
        "user": 1,
        "content_type": 17,
        "object_id": "12",
        "object_repr": "PlagaPlanta object (12)",
        "action_flag": 1,
        "change_message": "[{\"added\": {}}]"
    }
},
{
    "model": "auth.permission",
    "pk": 1,
    "fields": {
        "name": "Can add permission",
        "content_type": 1,
        "codename": "add_permission"
    }
},
{
    "model": "auth.permission",
    "pk": 2,
    "fields": {
        "name": "Can change permission",
        "content_type": 1,
        "codename": "change_permission"
    }
},
{
    "model": "auth.permission",
    "pk": 3,
    "fields": {
        "name": "Can delete permission",
        "content_type": 1,
        "codename": "delete_permission"
    }
},
{
    "model": "auth.permission",
    "pk": 4,
    "fields": {
        "name": "Can view permission",
        "content_type": 1,
        "codename": "view_permission"
    }
},
{
    "model": "auth.permission",
    "pk": 5,
    "fields": {
        "name": "Can add group",
        "content_type": 2,
        "codename": "add_group"
    }
},
{
    "model": "auth.permission",
    "pk": 6,
    "fields": {
        "name": "Can change group",
        "content_type": 2,
        "codename": "change_group"
    }
},
{
    "model": "auth.permission",
    "pk": 7,
    "fields": {
        "name": "Can delete group",
        "content_type": 2,
        "codename": "delete_group"
    }
},
{
    "model": "auth.permission",
    "pk": 8,
    "fields": {
        "name": "Can view group",
        "content_type": 2,
        "codename": "view_group"
    }
},
{
    "model": "auth.permission",
    "pk": 9,
    "fields": {
        "name": "Can add content type",
        "content_type": 3,
        "codename": "add_contenttype"
    }
},
{
    "model": "auth.permission",
    "pk": 10,
    "fields": {
        "name": "Can change content type",
        "content_type": 3,
        "codename": "change_contenttype"
    }
},
{
    "model": "auth.permission",
    "pk": 11,
    "fields": {
        "name": "Can delete content type",
        "content_type": 3,
        "codename": "delete_contenttype"
    }
},
{
    "model": "auth.permission",
    "pk": 12,
    "fields": {
        "name": "Can view content type",
        "content_type": 3,
        "codename": "view_contenttype"
    }
},
{
    "model": "auth.permission",
    "pk": 13,
    "fields": {
        "name": "Can add calendario",
        "content_type": 4,
        "codename": "add_calendario"
    }
},
{
    "model": "auth.permission",
    "pk": 14,
    "fields": {
        "name": "Can change calendario",
        "content_type": 4,
        "codename": "change_calendario"
    }
},
{
    "model": "auth.permission",
    "pk": 15,
    "fields": {
        "name": "Can delete calendario",
        "content_type": 4,
        "codename": "delete_calendario"
    }
},
{
    "model": "auth.permission",
    "pk": 16,
    "fields": {
        "name": "Can view calendario",
        "content_type": 4,
        "codename": "view_calendario"
    }
},
{
    "model": "auth.permission",
    "pk": 17,
    "fields": {
        "name": "Can add huerto",
        "content_type": 5,
        "codename": "add_huerto"
    }
},
{
    "model": "auth.permission",
    "pk": 18,
    "fields": {
        "name": "Can change huerto",
        "content_type": 5,
        "codename": "change_huerto"
    }
},
{
    "model": "auth.permission",
    "pk": 19,
    "fields": {
        "name": "Can delete huerto",
        "content_type": 5,
        "codename": "delete_huerto"
    }
},
{
    "model": "auth.permission",
    "pk": 20,
    "fields": {
        "name": "Can view huerto",
        "content_type": 5,
        "codename": "view_huerto"
    }
},
{
    "model": "auth.permission",
    "pk": 21,
    "fields": {
        "name": "Can add plaga",
        "content_type": 6,
        "codename": "add_plaga"
    }
},
{
    "model": "auth.permission",
    "pk": 22,
    "fields": {
        "name": "Can change plaga",
        "content_type": 6,
        "codename": "change_plaga"
    }
},
{
    "model": "auth.permission",
    "pk": 23,
    "fields": {
        "name": "Can delete plaga",
        "content_type": 6,
        "codename": "delete_plaga"
    }
},
{
    "model": "auth.permission",
    "pk": 24,
    "fields": {
        "name": "Can view plaga",
        "content_type": 6,
        "codename": "view_plaga"
    }
},
{
    "model": "auth.permission",
    "pk": 25,
    "fields": {
        "name": "Can add planta",
        "content_type": 7,
        "codename": "add_planta"
    }
},
{
    "model": "auth.permission",
    "pk": 26,
    "fields": {
        "name": "Can change planta",
        "content_type": 7,
        "codename": "change_planta"
    }
},
{
    "model": "auth.permission",
    "pk": 27,
    "fields": {
        "name": "Can delete planta",
        "content_type": 7,
        "codename": "delete_planta"
    }
},
{
    "model": "auth.permission",
    "pk": 28,
    "fields": {
        "name": "Can view planta",
        "content_type": 7,
        "codename": "view_planta"
    }
},
{
    "model": "auth.permission",
    "pk": 29,
    "fields": {
        "name": "Can add planta_regada",
        "content_type": 8,
        "codename": "add_planta_regada"
    }
},
{
    "model": "auth.permission",
    "pk": 30,
    "fields": {
        "name": "Can change planta_regada",
        "content_type": 8,
        "codename": "change_planta_regada"
    }
},
{
    "model": "auth.permission",
    "pk": 31,
    "fields": {
        "name": "Can delete planta_regada",
        "content_type": 8,
        "codename": "delete_planta_regada"
    }
},
{
    "model": "auth.permission",
    "pk": 32,
    "fields": {
        "name": "Can view planta_regada",
        "content_type": 8,
        "codename": "view_planta_regada"
    }
},
{
    "model": "auth.permission",
    "pk": 33,
    "fields": {
        "name": "Can add uploaded file",
        "content_type": 9,
        "codename": "add_uploadedfile"
    }
},
{
    "model": "auth.permission",
    "pk": 34,
    "fields": {
        "name": "Can change uploaded file",
        "content_type": 9,
        "codename": "change_uploadedfile"
    }
},
{
    "model": "auth.permission",
    "pk": 35,
    "fields": {
        "name": "Can delete uploaded file",
        "content_type": 9,
        "codename": "delete_uploadedfile"
    }
},
{
    "model": "auth.permission",
    "pk": 36,
    "fields": {
        "name": "Can view uploaded file",
        "content_type": 9,
        "codename": "view_uploadedfile"
    }
},
{
    "model": "auth.permission",
    "pk": 37,
    "fields": {
        "name": "Can add user",
        "content_type": 10,
        "codename": "add_usuario"
    }
},
{
    "model": "auth.permission",
    "pk": 38,
    "fields": {
        "name": "Can change user",
        "content_type": 10,
        "codename": "change_usuario"
    }
},
{
    "model": "auth.permission",
    "pk": 39,
    "fields": {
        "name": "Can delete user",
        "content_type": 10,
        "codename": "delete_usuario"
    }
},
{
    "model": "auth.permission",
    "pk": 40,
    "fields": {
        "name": "Can view user",
        "content_type": 10,
        "codename": "view_usuario"
    }
},
{
    "model": "auth.permission",
    "pk": 41,
    "fields": {
        "name": "Can add votacion",
        "content_type": 11,
        "codename": "add_votacion"
    }
},
{
    "model": "auth.permission",
    "pk": 42,
    "fields": {
        "name": "Can change votacion",
        "content_type": 11,
        "codename": "change_votacion"
    }
},
{
    "model": "auth.permission",
    "pk": 43,
    "fields": {
        "name": "Can delete votacion",
        "content_type": 11,
        "codename": "delete_votacion"
    }
},
{
    "model": "auth.permission",
    "pk": 44,
    "fields": {
        "name": "Can view votacion",
        "content_type": 11,
        "codename": "view_votacion"
    }
},
{
    "model": "auth.permission",
    "pk": 45,
    "fields": {
        "name": "Can add usu_premium",
        "content_type": 12,
        "codename": "add_usu_premium"
    }
},
{
    "model": "auth.permission",
    "pk": 46,
    "fields": {
        "name": "Can change usu_premium",
        "content_type": 12,
        "codename": "change_usu_premium"
    }
},
{
    "model": "auth.permission",
    "pk": 47,
    "fields": {
        "name": "Can delete usu_premium",
        "content_type": 12,
        "codename": "delete_usu_premium"
    }
},
{
    "model": "auth.permission",
    "pk": 48,
    "fields": {
        "name": "Can view usu_premium",
        "content_type": 12,
        "codename": "view_usu_premium"
    }
},
{
    "model": "auth.permission",
    "pk": 49,
    "fields": {
        "name": "Can add usu",
        "content_type": 13,
        "codename": "add_usu"
    }
},
{
    "model": "auth.permission",
    "pk": 50,
    "fields": {
        "name": "Can change usu",
        "content_type": 13,
        "codename": "change_usu"
    }
},
{
    "model": "auth.permission",
    "pk": 51,
    "fields": {
        "name": "Can delete usu",
        "content_type": 13,
        "codename": "delete_usu"
    }
},
{
    "model": "auth.permission",
    "pk": 52,
    "fields": {
        "name": "Can view usu",
        "content_type": 13,
        "codename": "view_usu"
    }
},
{
    "model": "auth.permission",
    "pk": 53,
    "fields": {
        "name": "Can add tratamiento",
        "content_type": 14,
        "codename": "add_tratamiento"
    }
},
{
    "model": "auth.permission",
    "pk": 54,
    "fields": {
        "name": "Can change tratamiento",
        "content_type": 14,
        "codename": "change_tratamiento"
    }
},
{
    "model": "auth.permission",
    "pk": 55,
    "fields": {
        "name": "Can delete tratamiento",
        "content_type": 14,
        "codename": "delete_tratamiento"
    }
},
{
    "model": "auth.permission",
    "pk": 56,
    "fields": {
        "name": "Can view tratamiento",
        "content_type": 14,
        "codename": "view_tratamiento"
    }
},
{
    "model": "auth.permission",
    "pk": 57,
    "fields": {
        "name": "Can add riego",
        "content_type": 15,
        "codename": "add_riego"
    }
},
{
    "model": "auth.permission",
    "pk": 58,
    "fields": {
        "name": "Can change riego",
        "content_type": 15,
        "codename": "change_riego"
    }
},
{
    "model": "auth.permission",
    "pk": 59,
    "fields": {
        "name": "Can delete riego",
        "content_type": 15,
        "codename": "delete_riego"
    }
},
{
    "model": "auth.permission",
    "pk": 60,
    "fields": {
        "name": "Can view riego",
        "content_type": 15,
        "codename": "view_riego"
    }
},
{
    "model": "auth.permission",
    "pk": 61,
    "fields": {
        "name": "Can add promocion",
        "content_type": 16,
        "codename": "add_promocion"
    }
},
{
    "model": "auth.permission",
    "pk": 62,
    "fields": {
        "name": "Can change promocion",
        "content_type": 16,
        "codename": "change_promocion"
    }
},
{
    "model": "auth.permission",
    "pk": 63,
    "fields": {
        "name": "Can delete promocion",
        "content_type": 16,
        "codename": "delete_promocion"
    }
},
{
    "model": "auth.permission",
    "pk": 64,
    "fields": {
        "name": "Can view promocion",
        "content_type": 16,
        "codename": "view_promocion"
    }
},
{
    "model": "auth.permission",
    "pk": 65,
    "fields": {
        "name": "Can add plaga planta",
        "content_type": 17,
        "codename": "add_plagaplanta"
    }
},
{
    "model": "auth.permission",
    "pk": 66,
    "fields": {
        "name": "Can change plaga planta",
        "content_type": 17,
        "codename": "change_plagaplanta"
    }
},
{
    "model": "auth.permission",
    "pk": 67,
    "fields": {
        "name": "Can delete plaga planta",
        "content_type": 17,
        "codename": "delete_plagaplanta"
    }
},
{
    "model": "auth.permission",
    "pk": 68,
    "fields": {
        "name": "Can view plaga planta",
        "content_type": 17,
        "codename": "view_plagaplanta"
    }
},
{
    "model": "auth.permission",
    "pk": 69,
    "fields": {
        "name": "Can add incidencia",
        "content_type": 18,
        "codename": "add_incidencia"
    }
},
{
    "model": "auth.permission",
    "pk": 70,
    "fields": {
        "name": "Can change incidencia",
        "content_type": 18,
        "codename": "change_incidencia"
    }
},
{
    "model": "auth.permission",
    "pk": 71,
    "fields": {
        "name": "Can delete incidencia",
        "content_type": 18,
        "codename": "delete_incidencia"
    }
},
{
    "model": "auth.permission",
    "pk": 72,
    "fields": {
        "name": "Can view incidencia",
        "content_type": 18,
        "codename": "view_incidencia"
    }
},
{
    "model": "auth.permission",
    "pk": 73,
    "fields": {
        "name": "Can add historial",
        "content_type": 19,
        "codename": "add_historial"
    }
},
{
    "model": "auth.permission",
    "pk": 74,
    "fields": {
        "name": "Can change historial",
        "content_type": 19,
        "codename": "change_historial"
    }
},
{
    "model": "auth.permission",
    "pk": 75,
    "fields": {
        "name": "Can delete historial",
        "content_type": 19,
        "codename": "delete_historial"
    }
},
{
    "model": "auth.permission",
    "pk": 76,
    "fields": {
        "name": "Can view historial",
        "content_type": 19,
        "codename": "view_historial"
    }
},
{
    "model": "auth.permission",
    "pk": 77,
    "fields": {
        "name": "Can add gastos",
        "content_type": 20,
        "codename": "add_gastos"
    }
},
{
    "model": "auth.permission",
    "pk": 78,
    "fields": {
        "name": "Can change gastos",
        "content_type": 20,
        "codename": "change_gastos"
    }
},
{
    "model": "auth.permission",
    "pk": 79,
    "fields": {
        "name": "Can delete gastos",
        "content_type": 20,
        "codename": "delete_gastos"
    }
},
{
    "model": "auth.permission",
    "pk": 80,
    "fields": {
        "name": "Can view gastos",
        "content_type": 20,
        "codename": "view_gastos"
    }
},
{
    "model": "auth.permission",
    "pk": 81,
    "fields": {
        "name": "Can add fruto",
        "content_type": 21,
        "codename": "add_fruto"
    }
},
{
    "model": "auth.permission",
    "pk": 82,
    "fields": {
        "name": "Can change fruto",
        "content_type": 21,
        "codename": "change_fruto"
    }
},
{
    "model": "auth.permission",
    "pk": 83,
    "fields": {
        "name": "Can delete fruto",
        "content_type": 21,
        "codename": "delete_fruto"
    }
},
{
    "model": "auth.permission",
    "pk": 84,
    "fields": {
        "name": "Can view fruto",
        "content_type": 21,
        "codename": "view_fruto"
    }
},
{
    "model": "auth.permission",
    "pk": 85,
    "fields": {
        "name": "Can add evento",
        "content_type": 22,
        "codename": "add_evento"
    }
},
{
    "model": "auth.permission",
    "pk": 86,
    "fields": {
        "name": "Can change evento",
        "content_type": 22,
        "codename": "change_evento"
    }
},
{
    "model": "auth.permission",
    "pk": 87,
    "fields": {
        "name": "Can delete evento",
        "content_type": 22,
        "codename": "delete_evento"
    }
},
{
    "model": "auth.permission",
    "pk": 88,
    "fields": {
        "name": "Can view evento",
        "content_type": 22,
        "codename": "view_evento"
    }
},
{
    "model": "auth.permission",
    "pk": 89,
    "fields": {
        "name": "Can add blog",
        "content_type": 23,
        "codename": "add_blog"
    }
},
{
    "model": "auth.permission",
    "pk": 90,
    "fields": {
        "name": "Can change blog",
        "content_type": 23,
        "codename": "change_blog"
    }
},
{
    "model": "auth.permission",
    "pk": 91,
    "fields": {
        "name": "Can delete blog",
        "content_type": 23,
        "codename": "delete_blog"
    }
},
{
    "model": "auth.permission",
    "pk": 92,
    "fields": {
        "name": "Can view blog",
        "content_type": 23,
        "codename": "view_blog"
    }
},
{
    "model": "auth.permission",
    "pk": 93,
    "fields": {
        "name": "Can add banco",
        "content_type": 24,
        "codename": "add_banco"
    }
},
{
    "model": "auth.permission",
    "pk": 94,
    "fields": {
        "name": "Can change banco",
        "content_type": 24,
        "codename": "change_banco"
    }
},
{
    "model": "auth.permission",
    "pk": 95,
    "fields": {
        "name": "Can delete banco",
        "content_type": 24,
        "codename": "delete_banco"
    }
},
{
    "model": "auth.permission",
    "pk": 96,
    "fields": {
        "name": "Can view banco",
        "content_type": 24,
        "codename": "view_banco"
    }
},
{
    "model": "auth.permission",
    "pk": 97,
    "fields": {
        "name": "Can add log entry",
        "content_type": 25,
        "codename": "add_logentry"
    }
},
{
    "model": "auth.permission",
    "pk": 98,
    "fields": {
        "name": "Can change log entry",
        "content_type": 25,
        "codename": "change_logentry"
    }
},
{
    "model": "auth.permission",
    "pk": 99,
    "fields": {
        "name": "Can delete log entry",
        "content_type": 25,
        "codename": "delete_logentry"
    }
},
{
    "model": "auth.permission",
    "pk": 100,
    "fields": {
        "name": "Can view log entry",
        "content_type": 25,
        "codename": "view_logentry"
    }
},
{
    "model": "auth.permission",
    "pk": 101,
    "fields": {
        "name": "Can add session",
        "content_type": 26,
        "codename": "add_session"
    }
},
{
    "model": "auth.permission",
    "pk": 102,
    "fields": {
        "name": "Can change session",
        "content_type": 26,
        "codename": "change_session"
    }
},
{
    "model": "auth.permission",
    "pk": 103,
    "fields": {
        "name": "Can delete session",
        "content_type": 26,
        "codename": "delete_session"
    }
},
{
    "model": "auth.permission",
    "pk": 104,
    "fields": {
        "name": "Can view session",
        "content_type": 26,
        "codename": "view_session"
    }
},
{
    "model": "auth.permission",
    "pk": 105,
    "fields": {
        "name": "Can add application",
        "content_type": 27,
        "codename": "add_application"
    }
},
{
    "model": "auth.permission",
    "pk": 106,
    "fields": {
        "name": "Can change application",
        "content_type": 27,
        "codename": "change_application"
    }
},
{
    "model": "auth.permission",
    "pk": 107,
    "fields": {
        "name": "Can delete application",
        "content_type": 27,
        "codename": "delete_application"
    }
},
{
    "model": "auth.permission",
    "pk": 108,
    "fields": {
        "name": "Can view application",
        "content_type": 27,
        "codename": "view_application"
    }
},
{
    "model": "auth.permission",
    "pk": 109,
    "fields": {
        "name": "Can add access token",
        "content_type": 28,
        "codename": "add_accesstoken"
    }
},
{
    "model": "auth.permission",
    "pk": 110,
    "fields": {
        "name": "Can change access token",
        "content_type": 28,
        "codename": "change_accesstoken"
    }
},
{
    "model": "auth.permission",
    "pk": 111,
    "fields": {
        "name": "Can delete access token",
        "content_type": 28,
        "codename": "delete_accesstoken"
    }
},
{
    "model": "auth.permission",
    "pk": 112,
    "fields": {
        "name": "Can view access token",
        "content_type": 28,
        "codename": "view_accesstoken"
    }
},
{
    "model": "auth.permission",
    "pk": 113,
    "fields": {
        "name": "Can add grant",
        "content_type": 29,
        "codename": "add_grant"
    }
},
{
    "model": "auth.permission",
    "pk": 114,
    "fields": {
        "name": "Can change grant",
        "content_type": 29,
        "codename": "change_grant"
    }
},
{
    "model": "auth.permission",
    "pk": 115,
    "fields": {
        "name": "Can delete grant",
        "content_type": 29,
        "codename": "delete_grant"
    }
},
{
    "model": "auth.permission",
    "pk": 116,
    "fields": {
        "name": "Can view grant",
        "content_type": 29,
        "codename": "view_grant"
    }
},
{
    "model": "auth.permission",
    "pk": 117,
    "fields": {
        "name": "Can add refresh token",
        "content_type": 30,
        "codename": "add_refreshtoken"
    }
},
{
    "model": "auth.permission",
    "pk": 118,
    "fields": {
        "name": "Can change refresh token",
        "content_type": 30,
        "codename": "change_refreshtoken"
    }
},
{
    "model": "auth.permission",
    "pk": 119,
    "fields": {
        "name": "Can delete refresh token",
        "content_type": 30,
        "codename": "delete_refreshtoken"
    }
},
{
    "model": "auth.permission",
    "pk": 120,
    "fields": {
        "name": "Can view refresh token",
        "content_type": 30,
        "codename": "view_refreshtoken"
    }
},
{
    "model": "auth.permission",
    "pk": 121,
    "fields": {
        "name": "Can add id token",
        "content_type": 31,
        "codename": "add_idtoken"
    }
},
{
    "model": "auth.permission",
    "pk": 122,
    "fields": {
        "name": "Can change id token",
        "content_type": 31,
        "codename": "change_idtoken"
    }
},
{
    "model": "auth.permission",
    "pk": 123,
    "fields": {
        "name": "Can delete id token",
        "content_type": 31,
        "codename": "delete_idtoken"
    }
},
{
    "model": "auth.permission",
    "pk": 124,
    "fields": {
        "name": "Can view id token",
        "content_type": 31,
        "codename": "view_idtoken"
    }
},
{
    "model": "auth.permission",
    "pk": 125,
    "fields": {
        "name": "Can add site",
        "content_type": 32,
        "codename": "add_site"
    }
},
{
    "model": "auth.permission",
    "pk": 126,
    "fields": {
        "name": "Can change site",
        "content_type": 32,
        "codename": "change_site"
    }
},
{
    "model": "auth.permission",
    "pk": 127,
    "fields": {
        "name": "Can delete site",
        "content_type": 32,
        "codename": "delete_site"
    }
},
{
    "model": "auth.permission",
    "pk": 128,
    "fields": {
        "name": "Can view site",
        "content_type": 32,
        "codename": "view_site"
    }
},
{
    "model": "auth.permission",
    "pk": 129,
    "fields": {
        "name": "Can add email address",
        "content_type": 33,
        "codename": "add_emailaddress"
    }
},
{
    "model": "auth.permission",
    "pk": 130,
    "fields": {
        "name": "Can change email address",
        "content_type": 33,
        "codename": "change_emailaddress"
    }
},
{
    "model": "auth.permission",
    "pk": 131,
    "fields": {
        "name": "Can delete email address",
        "content_type": 33,
        "codename": "delete_emailaddress"
    }
},
{
    "model": "auth.permission",
    "pk": 132,
    "fields": {
        "name": "Can view email address",
        "content_type": 33,
        "codename": "view_emailaddress"
    }
},
{
    "model": "auth.permission",
    "pk": 133,
    "fields": {
        "name": "Can add email confirmation",
        "content_type": 34,
        "codename": "add_emailconfirmation"
    }
},
{
    "model": "auth.permission",
    "pk": 134,
    "fields": {
        "name": "Can change email confirmation",
        "content_type": 34,
        "codename": "change_emailconfirmation"
    }
},
{
    "model": "auth.permission",
    "pk": 135,
    "fields": {
        "name": "Can delete email confirmation",
        "content_type": 34,
        "codename": "delete_emailconfirmation"
    }
},
{
    "model": "auth.permission",
    "pk": 136,
    "fields": {
        "name": "Can view email confirmation",
        "content_type": 34,
        "codename": "view_emailconfirmation"
    }
},
{
    "model": "auth.permission",
    "pk": 137,
    "fields": {
        "name": "Can add social account",
        "content_type": 35,
        "codename": "add_socialaccount"
    }
},
{
    "model": "auth.permission",
    "pk": 138,
    "fields": {
        "name": "Can change social account",
        "content_type": 35,
        "codename": "change_socialaccount"
    }
},
{
    "model": "auth.permission",
    "pk": 139,
    "fields": {
        "name": "Can delete social account",
        "content_type": 35,
        "codename": "delete_socialaccount"
    }
},
{
    "model": "auth.permission",
    "pk": 140,
    "fields": {
        "name": "Can view social account",
        "content_type": 35,
        "codename": "view_socialaccount"
    }
},
{
    "model": "auth.permission",
    "pk": 141,
    "fields": {
        "name": "Can add social application",
        "content_type": 36,
        "codename": "add_socialapp"
    }
},
{
    "model": "auth.permission",
    "pk": 142,
    "fields": {
        "name": "Can change social application",
        "content_type": 36,
        "codename": "change_socialapp"
    }
},
{
    "model": "auth.permission",
    "pk": 143,
    "fields": {
        "name": "Can delete social application",
        "content_type": 36,
        "codename": "delete_socialapp"
    }
},
{
    "model": "auth.permission",
    "pk": 144,
    "fields": {
        "name": "Can view social application",
        "content_type": 36,
        "codename": "view_socialapp"
    }
},
{
    "model": "auth.permission",
    "pk": 145,
    "fields": {
        "name": "Can add social application token",
        "content_type": 37,
        "codename": "add_socialtoken"
    }
},
{
    "model": "auth.permission",
    "pk": 146,
    "fields": {
        "name": "Can change social application token",
        "content_type": 37,
        "codename": "change_socialtoken"
    }
},
{
    "model": "auth.permission",
    "pk": 147,
    "fields": {
        "name": "Can delete social application token",
        "content_type": 37,
        "codename": "delete_socialtoken"
    }
},
{
    "model": "auth.permission",
    "pk": 148,
    "fields": {
        "name": "Can view social application token",
        "content_type": 37,
        "codename": "view_socialtoken"
    }
},
{
    "model": "contenttypes.contenttype",
    "pk": 1,
    "fields": {
        "app_label": "auth",
        "model": "permission"
    }
},
{
    "model": "contenttypes.contenttype",
    "pk": 2,
    "fields": {
        "app_label": "auth",
        "model": "group"
    }
},
{
    "model": "contenttypes.contenttype",
    "pk": 3,
    "fields": {
        "app_label": "contenttypes",
        "model": "contenttype"
    }
},
{
    "model": "contenttypes.contenttype",
    "pk": 4,
    "fields": {
        "app_label": "Huerto",
        "model": "calendario"
    }
},
{
    "model": "contenttypes.contenttype",
    "pk": 5,
    "fields": {
        "app_label": "Huerto",
        "model": "huerto"
    }
},
{
    "model": "contenttypes.contenttype",
    "pk": 6,
    "fields": {
        "app_label": "Huerto",
        "model": "plaga"
    }
},
{
    "model": "contenttypes.contenttype",
    "pk": 7,
    "fields": {
        "app_label": "Huerto",
        "model": "planta"
    }
},
{
    "model": "contenttypes.contenttype",
    "pk": 8,
    "fields": {
        "app_label": "Huerto",
        "model": "planta_regada"
    }
},
{
    "model": "contenttypes.contenttype",
    "pk": 9,
    "fields": {
        "app_label": "Huerto",
        "model": "uploadedfile"
    }
},
{
    "model": "contenttypes.contenttype",
    "pk": 10,
    "fields": {
        "app_label": "Huerto",
        "model": "usuario"
    }
},
{
    "model": "contenttypes.contenttype",
    "pk": 11,
    "fields": {
        "app_label": "Huerto",
        "model": "votacion"
    }
},
{
    "model": "contenttypes.contenttype",
    "pk": 12,
    "fields": {
        "app_label": "Huerto",
        "model": "usu_premium"
    }
},
{
    "model": "contenttypes.contenttype",
    "pk": 13,
    "fields": {
        "app_label": "Huerto",
        "model": "usu"
    }
},
{
    "model": "contenttypes.contenttype",
    "pk": 14,
    "fields": {
        "app_label": "Huerto",
        "model": "tratamiento"
    }
},
{
    "model": "contenttypes.contenttype",
    "pk": 15,
    "fields": {
        "app_label": "Huerto",
        "model": "riego"
    }
},
{
    "model": "contenttypes.contenttype",
    "pk": 16,
    "fields": {
        "app_label": "Huerto",
        "model": "promocion"
    }
},
{
    "model": "contenttypes.contenttype",
    "pk": 17,
    "fields": {
        "app_label": "Huerto",
        "model": "plagaplanta"
    }
},
{
    "model": "contenttypes.contenttype",
    "pk": 18,
    "fields": {
        "app_label": "Huerto",
        "model": "incidencia"
    }
},
{
    "model": "contenttypes.contenttype",
    "pk": 19,
    "fields": {
        "app_label": "Huerto",
        "model": "historial"
    }
},
{
    "model": "contenttypes.contenttype",
    "pk": 20,
    "fields": {
        "app_label": "Huerto",
        "model": "gastos"
    }
},
{
    "model": "contenttypes.contenttype",
    "pk": 21,
    "fields": {
        "app_label": "Huerto",
        "model": "fruto"
    }
},
{
    "model": "contenttypes.contenttype",
    "pk": 22,
    "fields": {
        "app_label": "Huerto",
        "model": "evento"
    }
},
{
    "model": "contenttypes.contenttype",
    "pk": 23,
    "fields": {
        "app_label": "Huerto",
        "model": "blog"
    }
},
{
    "model": "contenttypes.contenttype",
    "pk": 24,
    "fields": {
        "app_label": "Huerto",
        "model": "banco"
    }
},
{
    "model": "contenttypes.contenttype",
    "pk": 25,
    "fields": {
        "app_label": "admin",
        "model": "logentry"
    }
},
{
    "model": "contenttypes.contenttype",
    "pk": 26,
    "fields": {
        "app_label": "sessions",
        "model": "session"
    }
},
{
    "model": "contenttypes.contenttype",
    "pk": 27,
    "fields": {
        "app_label": "oauth2_provider",
        "model": "application"
    }
},
{
    "model": "contenttypes.contenttype",
    "pk": 28,
    "fields": {
        "app_label": "oauth2_provider",
        "model": "accesstoken"
    }
},
{
    "model": "contenttypes.contenttype",
    "pk": 29,
    "fields": {
        "app_label": "oauth2_provider",
        "model": "grant"
    }
},
{
    "model": "contenttypes.contenttype",
    "pk": 30,
    "fields": {
        "app_label": "oauth2_provider",
        "model": "refreshtoken"
    }
},
{
    "model": "contenttypes.contenttype",
    "pk": 31,
    "fields": {
        "app_label": "oauth2_provider",
        "model": "idtoken"
    }
},
{
    "model": "contenttypes.contenttype",
    "pk": 32,
    "fields": {
        "app_label": "sites",
        "model": "site"
    }
},
{
    "model": "contenttypes.contenttype",
    "pk": 33,
    "fields": {
        "app_label": "account",
        "model": "emailaddress"
    }
},
{
    "model": "contenttypes.contenttype",
    "pk": 34,
    "fields": {
        "app_label": "account",
        "model": "emailconfirmation"
    }
},
{
    "model": "contenttypes.contenttype",
    "pk": 35,
    "fields": {
        "app_label": "socialaccount",
        "model": "socialaccount"
    }
},
{
    "model": "contenttypes.contenttype",
    "pk": 36,
    "fields": {
        "app_label": "socialaccount",
        "model": "socialapp"
    }
},
{
    "model": "contenttypes.contenttype",
    "pk": 37,
    "fields": {
        "app_label": "socialaccount",
        "model": "socialtoken"
    }
},
{
    "model": "sessions.session",
    "pk": "20de41cl8y55bpnx1r6ufa4wvqyx867z",
    "fields": {
        "session_data": ".eJxVjDsOwjAQBa-CXCPHn3hJUtJzBmt37WADsqV8KsTdSaQ0ad_MvK8YIyf0uWTOVQwiNMo2Rpn2omFwIK7C47okv85x8jlshj5vhPyOZQfhheVZJdeyTJnkrsiDzvJRQ_zcD_d0kHBOWw3MgH3X60CW9MhoAQGiRnOLbKxS1hG6vmUyCASkoQswKtLcBeOiEr8_k5BBHg:1rg5G1:_rU2FIN-F9393Zzlb3Qr2dntlhviPmrUnk_0PM_b35k",
        "expire_date": "2024-03-15T15:57:09.517Z"
    }
},
{
    "model": "sessions.session",
    "pk": "31fod0n6s8x4g1aj693zkafrgwr1ivcy",
    "fields": {
        "session_data": ".eJxVjDkOwjAUBe_iGlle8MempOcM1l8cHECOFCcV4u4QKQW0b2beS2Vcl5rXXuY8ijorqw6_GyE_StuA3LHdJs1TW-aR9KbonXZ9naQ8L7v7d1Cx128NzIApJivkyQ6MHhCgWHSnws4b4wNhSEcmh0BAFqLAYMhyFBeKUe8P9lc4Rg:1riz7V:2e_WKAMDWuhXDwluhIVSKgF-ZTsSOrZCpk7QeaqH-PE",
        "expire_date": "2024-03-23T16:00:21.679Z"
    }
},
{
    "model": "sessions.session",
    "pk": "50lyj6di93imcqfu72y5l6q2lgs5hv9y",
    "fields": {
        "session_data": ".eJxVjDkOwjAUBe_iGlle8MempOcM1l8cHECOFCcV4u4QKQW0b2beS2Vcl5rXXuY8ijorqw6_GyE_StuA3LHdJs1TW-aR9KbonXZ9naQ8L7v7d1Cx128NzIApJivkyQ6MHhCgWHSnws4b4wNhSEcmh0BAFqLAYMhyFBeKUe8P9lc4Rg:1rjN0g:uj2Ll4A6hhN_UUVupFEvQ4F4-w94eI2Ito76tpZKwdA",
        "expire_date": "2024-03-24T17:30:54.357Z"
    }
},
{
    "model": "sessions.session",
    "pk": "5r7rhufhfccnl7nsqh9gjyvsk7dmpxlr",
    "fields": {
        "session_data": ".eJxVjDkOwjAUBe_iGlle8MempOcM1l8cHECOFCcV4u4QKQW0b2beS2Vcl5rXXuY8ijorqw6_GyE_StuA3LHdJs1TW-aR9KbonXZ9naQ8L7v7d1Cx128NzIApJivkyQ6MHhCgWHSnws4b4wNhSEcmh0BAFqLAYMhyFBeKUe8P9lc4Rg:1rj5QG:aunKh1FHiGqSxNlDnpny1smZ8XH2pdeTHxvlXmCjjwo",
        "expire_date": "2024-03-23T22:44:08.267Z"
    }
},
{
    "model": "sessions.session",
    "pk": "dqvajx56dsawgbywl5r3je0utj8d632k",
    "fields": {
        "session_data": ".eJxVjDkOwjAUBe_iGlle8MempOcM1l8cHECOFCcV4u4QKQW0b2beS2Vcl5rXXuY8ijorqw6_GyE_StuA3LHdJs1TW-aR9KbonXZ9naQ8L7v7d1Cx128NzIApJivkyQ6MHhCgWHSnws4b4wNhSEcmh0BAFqLAYMhyFBeKUe8P9lc4Rg:1rj084:2AJkl1Yn7r4yioppaPUcCoFj_TVzEejxIOpC-7HRM4c",
        "expire_date": "2024-03-23T17:05:00.135Z"
    }
},
{
    "model": "sessions.session",
    "pk": "hdyck648ylhhibsuqezuxbbuzr3zqbn0",
    "fields": {
        "session_data": ".eJxVjDkOwjAUBe_iGlle8MempOcM1l8cHECOFCcV4u4QKQW0b2beS2Vcl5rXXuY8ijorqw6_GyE_StuA3LHdJs1TW-aR9KbonXZ9naQ8L7v7d1Cx128NzIApJivkyQ6MHhCgWHSnws4b4wNhSEcmh0BAFqLAYMhyFBeKUe8P9lc4Rg:1rj5Pd:YF_lxbbd0klDP86nEQ3Moyqxqerua87Y14wNIbaXafw",
        "expire_date": "2024-03-23T22:43:29.820Z"
    }
},
{
    "model": "sessions.session",
    "pk": "n6b4b6qajp17zbfn05ncyfusmdpuxc8p",
    "fields": {
        "session_data": ".eJxVjDkOwjAUBe_iGlle8MempOcM1l8cHECOFCcV4u4QKQW0b2beS2Vcl5rXXuY8ijorqw6_GyE_StuA3LHdJs1TW-aR9KbonXZ9naQ8L7v7d1Cx128NzIApJivkyQ6MHhCgWHSnws4b4wNhSEcmh0BAFqLAYMhyFBeKUe8P9lc4Rg:1rj3Kp:uOfJDjDp2nNZ4zhQl82wRGo4Bjagb155nqoq6LUNuWQ",
        "expire_date": "2024-03-23T20:30:23.532Z"
    }
},
{
    "model": "sessions.session",
    "pk": "pjqihkcgf582p2ci5ps6akrvxpqma9td",
    "fields": {
        "session_data": ".eJxVjDkOwjAUBe_iGlle8MempOcM1l8cHECOFCcV4u4QKQW0b2beS2Vcl5rXXuY8ijorqw6_GyE_StuA3LHdJs1TW-aR9KbonXZ9naQ8L7v7d1Cx128NzIApJivkyQ6MHhCgWHSnws4b4wNhSEcmh0BAFqLAYMhyFBeKUe8P9lc4Rg:1rj08i:VlLisi40furpFpCc1pB1Zq1uDmnBYbSMKwHd1_3SUWc",
        "expire_date": "2024-03-23T17:05:40.225Z"
    }
},
{
    "model": "Huerto.usuario",
    "pk": 1,
    "fields": {
        "password": "pbkdf2_sha256$600000$vaGtMThruaBM6Ss3I6Z1do$yP+tp7i6HwyRxG9lUARn/HxaEON7RL+sH6sa8GLqtVc=",
        "last_login": "2024-03-10T17:30:54.351Z",
        "is_superuser": true,
        "username": "admin",
        "first_name": "",
        "last_name": "",
        "email": "admin@admin.es",
        "is_staff": true,
        "is_active": true,
        "date_joined": "2024-03-01T15:22:17.002Z",
        "rol": 2,
        "groups": [],
        "user_permissions": []
    }
},
{
    "model": "Huerto.huerto",
    "pk": 1,
    "fields": {
        "ubicacion": "0.00772476193948822,-0.02351760864257813",
        "sitio": "J",
        "sustrato": "ARC",
        "area": 5.0,
        "acidez": 12.0,
        "abonado": true,
        "disponible": false,
        "usuario": [
            1
        ]
    }
},
{
    "model": "Huerto.huerto",
    "pk": 2,
    "fields": {
        "ubicacion": "0.021286010252538175,0.04154205322265625",
        "sitio": "P",
        "sustrato": "FRA",
        "area": 1.0,
        "acidez": 8.0,
        "abonado": false,
        "disponible": true,
        "usuario": [
            1
        ]
    }
},
{
    "model": "Huerto.huerto",
    "pk": 3,
    "fields": {
        "ubicacion": "0.014247894140278081,-0.026435852050781253",
        "sitio": "T",
        "sustrato": "ARE",
        "area": 1.0,
        "acidez": 12.0,
        "abonado": true,
        "disponible": true,
        "usuario": [
            1
        ]
    }
},
{
    "model": "Huerto.huerto",
    "pk": 4,
    "fields": {
        "ubicacion": "['12', '12']",
        "sitio": "M",
        "sustrato": "ARC",
        "area": 1.0,
        "acidez": 12.0,
        "abonado": true,
        "disponible": true,
        "usuario": []
    }
},
{
    "model": "Huerto.huerto",
    "pk": 5,
    "fields": {
        "ubicacion": "0.015243530617477397,-0.02327728900127113",
        "sitio": "P",
        "sustrato": "LIM",
        "area": 2.0,
        "acidez": 2.0,
        "abonado": true,
        "disponible": true,
        "usuario": [
            1
        ]
    }
},
{
    "model": "Huerto.planta",
    "pk": 1,
    "fields": {
        "tipo": "HE",
        "ciclo": "A",
        "nombre_comun": "Fresa",
        "nombre_cientifico": "Fragaria ananassa",
        "phmax": 6.5,
        "phmin": 5.5,
        "epoca_siembra": "2024-03-21",
        "fecha_siembra": "2024-03-01",
        "recoleccion": "2024-04-20",
        "tiempo_trasplante": 4,
        "temp_max": 25,
        "temp_min": 10,
        "horas_luz": 8,
        "demanda_hidrica": 8.0,
        "huerto": 1
    }
},
{
    "model": "Huerto.planta",
    "pk": 2,
    "fields": {
        "tipo": "HE",
        "ciclo": "A",
        "nombre_comun": "Tomate",
        "nombre_cientifico": "Solanum lycopersicum",
        "phmax": 7.0,
        "phmin": 6.0,
        "epoca_siembra": "2024-03-20",
        "fecha_siembra": "2024-01-03",
        "recoleccion": "2024-02-29",
        "tiempo_trasplante": 36,
        "temp_max": 30,
        "temp_min": 15,
        "horas_luz": 6,
        "demanda_hidrica": 4.0,
        "huerto": 1
    }
},
{
    "model": "Huerto.planta",
    "pk": 3,
    "fields": {
        "tipo": "AO",
        "ciclo": "P",
        "nombre_comun": "Naranjo",
        "nombre_cientifico": "Naranjus naranjus",
        "phmax": 7.0,
        "phmin": 6.0,
        "epoca_siembra": "2024-03-01",
        "fecha_siembra": "2024-03-01",
        "recoleccion": "2024-03-01",
        "tiempo_trasplante": 8,
        "temp_max": 30,
        "temp_min": 15,
        "horas_luz": 6,
        "demanda_hidrica": 1.0,
        "huerto": 2
    }
},
{
    "model": "Huerto.planta",
    "pk": 4,
    "fields": {
        "tipo": "HE",
        "ciclo": "A",
        "nombre_comun": "Calabacn",
        "nombre_cientifico": "Cucurbita pepo",
        "phmax": 7.5,
        "phmin": 6.0,
        "epoca_siembra": "2024-03-21",
        "fecha_siembra": "2024-03-10",
        "recoleccion": "2024-03-10",
        "tiempo_trasplante": 8,
        "temp_max": 35,
        "temp_min": 15,
        "horas_luz": 7,
        "demanda_hidrica": 5.0,
        "huerto": 3
    }
},
{
    "model": "Huerto.planta",
    "pk": 5,
    "fields": {
        "tipo": "HE",
        "ciclo": "A",
        "nombre_comun": "Guisantes",
        "nombre_cientifico": "Pisum sativum",
        "phmax": 7.5,
        "phmin": 6.0,
        "epoca_siembra": "2024-03-10",
        "fecha_siembra": "2024-03-10",
        "recoleccion": "2024-06-13",
        "tiempo_trasplante": 0,
        "temp_max": 24,
        "temp_min": 2,
        "horas_luz": 7,
        "demanda_hidrica": 5.0,
        "huerto": 3
    }
},
{
    "model": "Huerto.planta",
    "pk": 6,
    "fields": {
        "tipo": "HE",
        "ciclo": "A",
        "nombre_comun": "Patata",
        "nombre_cientifico": "Solanum tuberosum",
        "phmax": 6.5,
        "phmin": 4.8,
        "epoca_siembra": "2024-03-21",
        "fecha_siembra": "2024-03-19",
        "recoleccion": "2024-05-15",
        "tiempo_trasplante": 21,
        "temp_max": 25,
        "temp_min": 7,
        "horas_luz": 7,
        "demanda_hidrica": 8.0,
        "huerto": 1
    }
},
{
    "model": "Huerto.planta",
    "pk": 7,
    "fields": {
        "tipo": "HE",
        "ciclo": "A",
        "nombre_comun": "Rbano",
        "nombre_cientifico": "Raphanus sativus",
        "phmax": 7.0,
        "phmin": 6.0,
        "epoca_siembra": "2024-10-30",
        "fecha_siembra": "2024-03-10",
        "recoleccion": "2024-03-12",
        "tiempo_trasplante": 0,
        "temp_max": 24,
        "temp_min": 7,
        "horas_luz": 5,
        "demanda_hidrica": 4.0,
        "huerto": 2
    }
},
{
    "model": "Huerto.planta",
    "pk": 8,
    "fields": {
        "tipo": "HE",
        "ciclo": "A",
        "nombre_comun": "Albahaca",
        "nombre_cientifico": "Ocimum basilicum",
        "phmax": 7.5,
        "phmin": 6.0,
        "epoca_siembra": "2024-05-16",
        "fecha_siembra": "2024-03-20",
        "recoleccion": "2024-06-21",
        "tiempo_trasplante": 21,
        "temp_max": 30,
        "temp_min": 10,
        "horas_luz": 7,
        "demanda_hidrica": 5.0,
        "huerto": 1
    }
},
{
    "model": "Huerto.riego",
    "pk": 1,
    "fields": {
        "producto": "A"
    }
},
{
    "model": "Huerto.riego",
    "pk": 2,
    "fields": {
        "producto": "F"
    }
},
{
    "model": "Huerto.riego",
    "pk": 3,
    "fields": {
        "producto": "P"
    }
},
{
    "model": "Huerto.planta_regada",
    "pk": 1,
    "fields": {
        "fecha": "2024-03-01",
        "planta": 1,
        "riego": 1
    }
},
{
    "model": "Huerto.planta_regada",
    "pk": 2,
    "fields": {
        "fecha": "2024-02-02",
        "planta": 2,
        "riego": 2
    }
},
{
    "model": "Huerto.planta_regada",
    "pk": 3,
    "fields": {
        "fecha": "2024-03-09",
        "planta": 3,
        "riego": 1
    }
},
{
    "model": "Huerto.planta_regada",
    "pk": 4,
    "fields": {
        "fecha": "2024-03-09",
        "planta": 3,
        "riego": 1
    }
},
{
    "model": "Huerto.planta_regada",
    "pk": 5,
    "fields": {
        "fecha": "2024-03-10",
        "planta": 4,
        "riego": 2
    }
},
{
    "model": "Huerto.planta_regada",
    "pk": 6,
    "fields": {
        "fecha": "2024-03-04",
        "planta": 5,
        "riego": 3
    }
},
{
    "model": "Huerto.planta_regada",
    "pk": 7,
    "fields": {
        "fecha": "2024-03-10",
        "planta": 6,
        "riego": 1
    }
},
{
    "model": "Huerto.planta_regada",
    "pk": 8,
    "fields": {
        "fecha": "2024-03-01",
        "planta": 7,
        "riego": 1
    }
},
{
    "model": "Huerto.planta_regada",
    "pk": 9,
    "fields": {
        "fecha": "2024-03-11",
        "planta": 7,
        "riego": 2
    }
},
{
    "model": "Huerto.planta_regada",
    "pk": 10,
    "fields": {
        "fecha": "2024-03-11",
        "planta": 8,
        "riego": 2
    }
},
{
    "model": "Huerto.plaga",
    "pk": 1,
    "fields": {
        "origen": "V",
        "descripcion": "plaga1"
    }
},
{
    "model": "Huerto.plaga",
    "pk": 2,
    "fields": {
        "origen": "B",
        "descripcion": "plaga2"
    }
},
{
    "model": "Huerto.plaga",
    "pk": 3,
    "fields": {
        "origen": "F",
        "descripcion": "plaga3"
    }
},
{
    "model": "Huerto.plaga",
    "pk": 4,
    "fields": {
        "origen": "A",
        "descripcion": "plaga4"
    }
},
{
    "model": "Huerto.plaga",
    "pk": 5,
    "fields": {
        "origen": "P",
        "descripcion": "plaga5"
    }
},
{
    "model": "Huerto.plagaplanta",
    "pk": 1,
    "fields": {
        "planta": 1,
        "plaga": 1
    }
},
{
    "model": "Huerto.plagaplanta",
    "pk": 2,
    "fields": {
        "planta": 1,
        "plaga": 2
    }
},
{
    "model": "Huerto.plagaplanta",
    "pk": 3,
    "fields": {
        "planta": 2,
        "plaga": 1
    }
},
{
    "model": "Huerto.plagaplanta",
    "pk": 4,
    "fields": {
        "planta": 3,
        "plaga": 4
    }
},
{
    "model": "Huerto.plagaplanta",
    "pk": 5,
    "fields": {
        "planta": 4,
        "plaga": 1
    }
},
{
    "model": "Huerto.plagaplanta",
    "pk": 6,
    "fields": {
        "planta": 5,
        "plaga": 2
    }
},
{
    "model": "Huerto.plagaplanta",
    "pk": 7,
    "fields": {
        "planta": 6,
        "plaga": 2
    }
},
{
    "model": "Huerto.plagaplanta",
    "pk": 8,
    "fields": {
        "planta": 6,
        "plaga": 4
    }
},
{
    "model": "Huerto.plagaplanta",
    "pk": 9,
    "fields": {
        "planta": 7,
        "plaga": 2
    }
},
{
    "model": "Huerto.plagaplanta",
    "pk": 10,
    "fields": {
        "planta": 7,
        "plaga": 1
    }
},
{
    "model": "Huerto.plagaplanta",
    "pk": 11,
    "fields": {
        "planta": 8,
        "plaga": 2
    }
},
{
    "model": "Huerto.plagaplanta",
    "pk": 12,
    "fields": {
        "planta": 8,
        "plaga": 2
    }
},
{
    "model": "oauth2_provider.application",
    "pk": 1,
    "fields": {
        "client_id": "aplicacion",
        "user": 1,
        "redirect_uris": "",
        "post_logout_redirect_uris": "",
        "client_type": "confidential",
        "authorization_grant_type": "password",
        "client_secret": "pbkdf2_sha256$600000$8MBaZ1uAbzh9cZvbQygYG4$7WPFor6/cKe4IxCILhbLEArIgh3vnXROhGdLptLqE78=",
        "name": "Huerto",
        "skip_authorization": false,
        "created": "2024-03-01T17:55:24.417Z",
        "updated": "2024-03-01T17:55:24.417Z",
        "algorithm": ""
    }
},
{
    "model": "oauth2_provider.accesstoken",
    "pk": 1,
    "fields": {
        "user": 1,
        "source_refresh_token": null,
        "token": "RKkRukBNcWPI4qQYnL74H6qrLyCJn1",
        "id_token": null,
        "application": 1,
        "expires": "2138-03-31T09:55:54.440Z",
        "scope": "read write groups",
        "created": "2024-03-01T17:55:54.440Z",
        "updated": "2024-03-01T17:55:54.440Z"
    }
},
{
    "model": "oauth2_provider.accesstoken",
    "pk": 2,
    "fields": {
        "user": 1,
        "source_refresh_token": null,
        "token": "0n5gPOD79mkZo7V7vQEcYRokQkweP6",
        "id_token": null,
        "application": 1,
        "expires": "2138-03-31T10:06:02.701Z",
        "scope": "read write groups",
        "created": "2024-03-01T18:06:02.702Z",
        "updated": "2024-03-01T18:06:02.702Z"
    }
},
{
    "model": "oauth2_provider.accesstoken",
    "pk": 3,
    "fields": {
        "user": 1,
        "source_refresh_token": null,
        "token": "h3s85bTeezG9r1vlCcLZno7q8rnl4u",
        "id_token": null,
        "application": 1,
        "expires": "2138-03-31T10:09:11.244Z",
        "scope": "read write groups",
        "created": "2024-03-01T18:09:11.245Z",
        "updated": "2024-03-01T18:09:11.245Z"
    }
},
{
    "model": "oauth2_provider.accesstoken",
    "pk": 4,
    "fields": {
        "user": 1,
        "source_refresh_token": null,
        "token": "P0lWDNq9fjYaaSaqOFcqM1s62XY5lP",
        "id_token": null,
        "application": 1,
        "expires": "2138-04-08T09:03:52.531Z",
        "scope": "read write groups",
        "created": "2024-03-09T17:03:52.531Z",
        "updated": "2024-03-09T17:03:52.531Z"
    }
},
{
    "model": "oauth2_provider.refreshtoken",
    "pk": 1,
    "fields": {
        "user": 1,
        "token": "jTH9kVXAAbUOczHyyWkELytaEs3OUr",
        "application": 1,
        "access_token": 1,
        "created": "2024-03-01T17:55:54.450Z",
        "updated": "2024-03-01T17:55:54.450Z",
        "revoked": null
    }
},
{
    "model": "oauth2_provider.refreshtoken",
    "pk": 2,
    "fields": {
        "user": 1,
        "token": "LZ8eeftySowT179ZUBYdSvEjDkqzO4",
        "application": 1,
        "access_token": 2,
        "created": "2024-03-01T18:06:02.704Z",
        "updated": "2024-03-01T18:06:02.704Z",
        "revoked": null
    }
},
{
    "model": "oauth2_provider.refreshtoken",
    "pk": 3,
    "fields": {
        "user": 1,
        "token": "gnk7eNFg9gRJ4TGAOjCaqHuLVohPvC",
        "application": 1,
        "access_token": 3,
        "created": "2024-03-01T18:09:11.248Z",
        "updated": "2024-03-01T18:09:11.248Z",
        "revoked": null
    }
},
{
    "model": "oauth2_provider.refreshtoken",
    "pk": 4,
    "fields": {
        "user": 1,
        "token": "ZhLiAWt23cCkZkYDQT0M9155uct6Z9",
        "application": 1,
        "access_token": 4,
        "created": "2024-03-09T17:03:52.540Z",
        "updated": "2024-03-09T17:03:52.540Z",
        "revoked": null
    }
},
{
    "model": "sites.site",
    "pk": 1,
    "fields": {
        "domain": "example.com",
        "name": "example.com"
    }
}
]
